-8.995212629629009693e-02,-1.191029270486278352e-01
7.914787587364309485e-02,1.690982294831201993e-01
4.792797885389584733e-01,-7.496623627285187164e-01
4.044201223925651956e-01,7.422958883559922505e-01
-1.751495608765494261e-01,1.289228645111965277e-01
2.056757441690338639e-01,-8.420261837064524357e-01
7.637862553488729001e-01,-3.470539005668195620e-01
-8.241322484187171282e-01,-1.149854805362383880e-01
1.665546557651363391e-01,-3.983760543897570394e-01
-9.273483654676850652e-01,-9.575255855913213099e-02
-2.168970721668871393e-01,8.366546180649940823e-01
-1.153476404242101683e-01,4.350675870937007472e-01
-7.248654686747395548e-01,-4.645281958327651117e-01
2.728434739046025070e-01,1.424253197979243435e+00
1.234950237078394214e-01,-6.372608463013422486e-02
-7.563391740540108543e-01,6.233231883618411961e-01
-1.075863396327763288e+00,-1.022073919025465738e+00
1.219920899861742236e-01,2.560786120756515793e-01
-2.071459919840859532e-01,5.657687788847735183e-02
-7.608491492418454349e-01,5.850336648210618939e-01
-8.195894651401764985e-01,3.536006098939875608e-01
1.448893591517845358e+00,5.454899346151634854e-01
5.353889894192097668e-03,1.322943259140759720e-01
2.762168723354220257e-01,4.462778498403977695e-02
-7.533943513651181201e-01,6.394904590014476309e-01
-1.792954422537795245e-01,2.940085741591190738e-01
-7.876245967330823827e-01,4.055043819931229976e-01
-2.663080521025677494e-01,1.118483316400916833e-01
3.225072060571043675e-01,3.635210960351811238e-01
1.150195319286074769e-01,-7.200132651028896824e-02
8.455386910566192737e-01,3.573563154616673510e-01
1.120080893163564670e-02,1.484655306435724324e-03
-1.881635882126811432e-01,-1.374541426773381758e+00
2.506304496963516204e-01,8.724012336071121920e-01
-8.901201184696302393e-01,-2.171557080044609345e-01
2.947271846064342116e-01,1.349004988097723290e+00
-3.374329817077021398e-01,-2.169773829313409452e-01
-1.520487904113098643e-01,1.424401437015510918e+00
-4.752592159973019759e-01,-8.341589660135332318e-01
8.607876144382190509e-01,6.680162178214643642e-02
-7.274012245256896714e-01,3.465016552422980900e-01
1.187726085996497982e+00,-5.689603066088746441e-01
1.086592663589455998e-01,-1.238142207808377339e-02
-3.363843950443885095e-02,-5.608911756270013038e-02
-1.451765774170904744e-01,-1.009771769280847220e-01
-7.235580709779697584e-01,-1.153654173463962263e+00
-1.185806406042293204e-02,7.230202927865986111e-03
-1.073854294490560468e-01,3.495880444799254194e-02
1.282157931645480087e+00,-8.130799298590232205e-01
5.679958279048924474e-01,1.325294912001538927e+00
8.440020471166120863e-01,-3.086599645535268999e-01
7.521373813056679847e-01,5.504052169415449836e-01
8.150220976487904112e-01,-1.435765721439560272e+00
-1.344473472453848739e+00,-3.259280034798082704e-01
1.986560157754482248e-01,1.039058329418570820e-01
1.680819796162244251e-01,3.242721860169064940e-01
-3.263579180585940431e-01,3.747861314378622688e-02
1.420687174607159209e+00,6.004356033747303423e-01
2.577415662528831919e-01,-4.347480975014692550e-01
1.186592051849847618e+00,-7.105343535046648729e-01
6.053826061296110894e-02,-2.237826783913589579e-01
4.075793870029259525e-02,-2.396701765912730431e-01
-1.247385480082683795e+00,5.514611581609891733e-01
8.507485060436048574e-01,-3.890000392453872302e-01
-1.588829481722102699e-01,9.688509981249627812e-01
-1.383407324894186663e-01,1.427056757990090019e-01
1.213900838853751579e-01,1.093337499194847184e-01
-1.201801723579011716e+00,-8.389558852296635783e-01
6.095132536942557966e-01,7.324790214439522718e-01
5.804578667376385503e-01,6.263319583871900242e-01
4.297288530865090994e-01,-2.535103603009540851e-01
-4.397992094249604800e-01,1.109104787458803087e-01
5.206034296523250893e-01,-1.438581158866429677e+00
2.696597653052765775e-01,2.885872820839345265e-01
1.526892045769233652e-01,1.465550911020898350e-01
3.966938030383564823e-02,1.004118985296488659e-01
-4.296831974088116124e-01,7.725316610193727618e-01
-5.593779341790861004e-02,1.295639050020738203e+00
4.231837142119972833e-02,2.850628071121269480e-03
-2.832594519450261084e-01,-1.849344280597292611e-01
-1.936099418875060207e-01,1.967071539167001004e-01
1.157349495668297257e+00,9.042976265079258891e-01
-1.394905827334843584e+00,-1.007212331278623529e-01
3.271825957021086695e-01,-5.850289333505537259e-02
6.258850722892982388e-01,1.170085401708819806e+00
-1.379761657714240752e-01,-2.939604560908742545e-02
1.208016454902723080e-01,-9.605483306880300415e-03
-4.771452968770252823e-01,6.456879455697110970e-01
-9.171106667051540096e-02,-4.793479272247859468e-02
2.522211929438811836e-03,5.896541938688803358e-02
1.168863864104398645e-02,-5.892884518995205462e-03
9.818888177458677535e-02,5.092802948772088417e-02
-1.255530459495696860e+00,1.029330279378342539e+00
-9.775404747002794936e-01,-1.087423010847344385e+00
-1.172042583889755241e+00,1.085180926635782805e+00
-8.294137258601182172e-03,2.430415473180648489e-02
1.894581660726099015e-01,-9.617906373063828118e-01
5.447393724950745642e-02,-3.444934570171663980e-03
-2.718720732184308209e-01,2.215110457013016315e-02
3.971028711727480065e-01,-1.309099192844228633e-02
-7.712500491924653701e-02,-3.898916296844628926e-01
-2.829301759665919791e-01,3.797825440298858157e-01
3.485893756702482804e-01,-1.353492856426675994e-02
-4.615257218617890844e-01,7.361232412876480558e-01
-8.146149641532115723e-03,1.041766239073809754e-02
9.658490278305618126e-01,1.582636013516458204e-02
-6.594806571576452559e-01,-6.265088877298855552e-01
-2.383143593057989729e-01,-4.794040933512584424e-01
-4.718648513796993432e-03,-1.576364639844633070e-02
3.832685165830038154e-01,-4.262544240407484947e-02
3.032276610286146479e-01,-8.124456311067674852e-01
-3.168953155747038508e-01,2.637130835026681996e-01
-4.650417001120289717e-02,1.122520060788538276e-01
-2.221113225507893862e-01,-1.354847297754314117e-01
5.381475755620203361e-02,1.641242355997828417e-01
2.866103637249502178e-02,-1.026325435775230464e-02
-3.572104734163544792e-01,-2.084100742612316204e-01
-8.187021794418578025e-02,-2.920494840170244077e-01
1.509222241992704383e+00,-4.473402190427563374e-01
-7.007858876876007503e-01,4.478496486413516831e-01
1.523011981967370421e-01,1.013248749327988474e-01
-2.165485046713430950e-01,-9.758745989834223533e-02
-2.558289824219387998e-01,2.044991118012267350e-01
-9.831243463269816463e-01,6.133669418123638417e-02
3.038036877222077825e-01,8.280340686887993629e-01
5.237807995135009831e-01,-6.377091147712438124e-01
8.312955517505906666e-01,4.768970533409631063e-01
1.461018638806358849e+00,-2.802290710295671783e-01
5.756235880038925584e-03,-8.710424284422668695e-02
-2.724086895309176248e-01,1.431121448377944416e-01
2.493974048196113680e-01,1.055432301773398668e-01
9.251560614132957605e-01,3.386190924483496734e-02
3.980980970054916190e-02,1.561670136617509808e-01
4.210068232005140798e-01,1.195407451189599898e-03
-1.706773776235303575e-01,-2.996505151308072601e-01
-5.137543210875260280e-02,-3.187093675020966077e-02
8.057432193046478730e-01,3.379315268077526802e-01
4.069575943887221992e-01,1.381430102205772892e+00
5.531473376170578660e-02,-2.805473309735288454e-02
-3.520532989811543390e-01,3.323291154122913760e-01
1.025253937911883850e-01,9.568184109217792166e-02
1.021600980689505889e+00,-9.684059562943403421e-01
-9.338418519294375275e-02,-1.383400625628692371e-01
1.004388035266003398e-01,2.190654715752153592e-02
9.492884476075313938e-01,-2.970626813382835629e-01
-4.026827817769763201e-02,-7.006550588703917837e-02
4.334970444524763877e-01,-7.204735894909536364e-01
-4.097028479222407094e-01,1.468259320778394272e+00
-1.268118374607871413e-01,-2.528524583317163232e-01
1.833740186572495046e-01,7.223834538018844564e-02
-1.507995506567547384e-01,-4.686721231970550350e-02
-4.778119711449236862e-01,-2.027886689165392733e-02
-1.452294136467278118e+00,3.771562528377219725e-01
-8.309459443171516302e-01,-1.681484028007895482e-01
1.430019436262894406e+00,6.122914703084118837e-02
1.692399667230975457e-01,4.945382383207234250e-02
6.482247674147217920e-01,6.988041493191612386e-01
-3.989289712822155498e-01,-1.322078651703968710e-01
2.576984494325867403e-01,2.616950671751991919e-01
-5.550025246367381593e-01,-6.814088529374865422e-01
-1.429728141369646099e+00,-6.472754947906308454e-01
-3.670583159681493624e-01,-2.232867884679309162e-02
-1.285974915829223297e+00,-8.846080998204809420e-01
8.531219645941886531e-01,1.356572666089620460e+00
8.909020085359607710e-02,2.044389849169728213e-02
6.420072645911477360e-02,1.646738996749187028e-02
-7.482192609023685659e-02,4.590879131048945516e-01
-1.240807003828278132e-01,-8.562614519905353827e-02
6.218257339236821224e-02,7.157204262082100289e-03
3.420922955886603889e-01,-1.617554300730243977e-01
-8.083158170105817497e-01,4.251315102971661153e-01
6.314065876583040415e-01,6.790313189753119927e-01
-2.621984155771505121e-01,-3.610760983476071773e-01
8.104812351299202078e-01,-6.465888346424134014e-02
2.240864394088190881e-01,1.484822045893321452e+00
-4.689343540169810254e-02,1.486334261981222538e-01
-1.518148586946651557e-01,-8.023141344355947391e-01
1.029741194326731363e-01,-4.328140423372475176e-01
-3.167216237096896481e-01,4.191814908046168076e-02
2.509950368494843764e-01,3.085060507664135702e-03
4.295817631278107951e-02,-1.639119373778921349e-02
1.271587162866462783e+00,-5.777916029425349542e-01
1.165338776924012935e-02,-1.201711169100674187e-02
-1.155698637160908815e+00,7.385697082109772271e-01
-4.341034912430652426e-02,4.764580153796720841e-01
-4.131351028956428695e-02,7.002946094285622189e-03
1.727664569159724217e-01,-3.192555944736861773e-01
3.250206968992891965e-01,-1.303908865021732866e-01
-1.681550338467413877e-02,1.666181060848836437e-01
3.338303963050545109e-01,6.764036890483138276e-02
-8.461847702881475364e-01,7.754097919520701321e-02
-1.950117513774946854e-01,4.482894624584693455e-02
1.054800067065965602e-01,-1.694611017548075527e-01
7.389906937684654897e-01,1.398559658961132435e+00
-7.922685860530136459e-01,1.080089558253282567e+00
-3.226530110231606296e-01,-1.473360079671777456e-01
6.686848810452700187e-02,2.706117254826068477e-02
-6.280479118414519779e-02,-3.392131308732504458e-02
3.079841269084785949e-01,9.303341652643941639e-01
1.635042879553013084e-01,-5.778121674310949391e-02
-3.977612794074307789e-01,-4.704291415195426679e-02
-1.390365855380393256e-01,-2.389536542436858368e-01
1.994691013325596007e-02,-7.941048003465700500e-02
-1.980020436628809610e-01,1.031070877525348678e-01
-4.542765816488542607e-01,8.597282904474475018e-02
4.481633217885224729e-01,-7.639628377598444153e-01
-1.366618788174670973e+00,-2.765459871856772445e-01
8.240773217120191119e-02,-1.234786998154711705e-02
2.029993144665299121e-01,-1.888479852663167702e-02
3.380758346945829107e-01,-2.043623374192866937e-01
2.477153203663268743e-01,4.153583348658819452e-02
3.131035486401842483e-02,2.092356310245566814e-02
-4.912219800315912877e-01,7.902896369118412867e-01
1.537204320325101237e-01,3.471671558236950617e-01
2.423494999692971386e-01,8.226628502042814262e-01
1.633218702067695260e-01,3.612247412158167692e-01
1.341492295090673359e+00,-3.856879101403811183e-01
-8.620432433735357725e-01,-6.224510413582358404e-02
3.154652821426821574e-01,-1.094697887373211193e-01
5.331978984151398704e-01,-8.194670103277251760e-01
-1.231773669141202066e-01,-2.786211890624423412e-02
-2.271093546563954235e-01,9.022720357978172290e-01
2.627431927573569206e-02,-1.341543650457676928e-01
-7.484286241549511498e-01,5.910360271527239640e-01
3.925696489047429405e-01,3.067920407299413732e-01
1.497196529766939288e-01,-1.387158571083555447e+00
-1.360483931366734123e-01,1.174722892730243190e-01
3.245760122102031575e-01,1.044142446093431487e-01
1.799219993840647236e-01,1.367394341838561456e-01
-6.906338612285949363e-01,6.394500539449607945e-01
-7.509513462116664817e-01,6.156576713448076443e-01
-8.313989377478028242e-01,-3.466913869737403477e-03
1.052967594867286333e-01,4.267671774188709910e-01
-5.906445476328039956e-02,-2.449257497883647675e-02
5.153189350844042393e-02,-8.398136475792314370e-02
3.238819497559294880e-01,6.188148253850810770e-02
-4.157757043087377258e-01,1.430976305925804715e+00
1.194497827696716197e+00,8.675939346598577906e-01
7.186018938787567256e-01,5.521191059226989717e-01
9.017865130759388226e-01,3.274087171467397472e-01
-1.299530056928183130e+00,7.636414832263827002e-01
2.221312131395780931e-01,-9.619022803383409093e-02
2.826384264742704544e-01,3.162119234447548499e-01
2.862210819545787377e-01,9.800226440731218958e-02
-4.503432695169008043e-02,-3.468865913313438631e-01
2.405948128372474848e-01,1.081075038129177823e-01
1.852025820802735145e-01,4.719621668326398622e-02
-3.726303309020603111e-02,1.182499312640450523e-01
2.168059127962996546e-01,-1.319295554381560709e-01
1.433839422736853164e+00,1.112734398211685932e-01
-2.884558907498027680e-01,1.405436469079020534e-01
-2.916429494509025777e-01,-2.110883696143885380e-01
-1.203435182519806412e+00,6.424813032444329775e-01
-1.827533029469536816e-02,-1.082904921831757128e-01
2.195381481078121158e-02,3.855961040936319029e-02
-4.371064117240396341e-01,4.633112432029401484e-02
-4.580708458153762846e-02,-4.386424087504751240e-02
1.769763902297677161e-01,-2.399130463818104075e-01
8.622761801833924711e-01,1.128641563469579001e+00
7.210084729251498015e-01,-5.038817450880032078e-01
-3.636880158746935154e-01,1.158733851244431526e-02
2.902078334141693916e-01,3.244330635457509104e-01
-5.255491692502000101e-01,-1.319636394178612226e+00
1.904651869209983694e-01,-3.298576630467054960e-01
1.841514089971308943e-01,-3.710973800172348014e-01
9.614125096843182394e-01,-3.955372615474626874e-02
1.873455508937251490e-01,-3.110197000361221709e-01
4.160192549724049393e-01,1.448091050716097339e+00
-5.535622901946488442e-03,1.413376994009890864e-01
-1.935410725430857237e-01,-4.211299209951332445e-01
3.501937927710296883e-02,3.644499985594772951e-01
-3.811587556245276676e-01,2.019240632333397234e-01
-4.665000925312330626e-02,1.552475183709615403e-01
-6.688914584874620928e-02,4.365648802246698823e-01
-2.179376979698232353e-01,9.316001700507045569e-02
-1.511863353324042647e+00,4.660256273384475456e-01
8.089221962065438198e-01,-4.894198132207728258e-01
5.543486608453804254e-02,-4.109873338765905881e-01
-2.446996232337832755e-01,-2.552153806007511072e-01
-7.784692893516081610e-03,-1.371259308762187018e-02
-9.871488111153018524e-04,2.483560328549185015e-02
1.007257642712279688e+00,1.218315214976617877e+00
-3.835162748326887555e-02,4.118047208432419337e-01
-1.342047847316974185e-01,1.987665998479093143e-01
2.214418256810322602e-02,4.691360982538293756e-02
1.187962732199320026e+00,8.089964108402500909e-01
-7.094591203555052905e-01,6.252363347515397241e-01
-3.567233045153330173e-01,-8.218744754799633956e-02
4.764654178558055259e-02,3.889597524447927640e-03
1.162001616356031386e+00,-8.120728455091835718e-01
-2.434452238646526434e-01,-3.211342865719329226e-02
1.239547450222147351e-01,8.921492650483608955e-02
2.688072836732657150e-02,3.508699368179548084e-01
1.705950408139444152e-01,-7.218968551688526025e-02
5.157898439084619008e-02,-3.343321950710997914e-01
1.479317786536420987e-01,-7.312024317359208658e-02
-7.637689296814802464e-01,-5.253883052235063245e-01
6.555940798200135533e-02,3.946864174499312705e-01
4.854049142849294063e-02,-1.248127575766877634e-01
7.401039135172930994e-01,-3.219341105303379913e-01
3.215724780407831496e-01,1.795559083253965849e-01
-1.074510840391610794e-01,2.737492609016807868e-02
-7.357875709797438990e-01,3.928169662817226349e-01
-6.501313605255464034e-02,-9.267860176108779768e-01
-8.156872556294016974e-01,-1.977393560662766003e-01
-2.990259986749163601e-01,1.249399073908917697e-02
1.487033268606901437e+00,-6.640393128473985884e-01
-1.322230888944661564e-01,-4.782084814539853262e-02
7.520869988730802813e-01,-6.143457982471915990e-01
4.421773999141145328e-01,8.773632297177531569e-01
2.763000195095717815e-01,-2.878119609912468402e-01
3.071998526917897321e-01,1.498391756706000333e+00
-1.065649462091248639e-01,-1.830241849861631853e-01
3.977179867996561979e-01,3.454861080337302548e-01
5.442652026220359263e-01,-7.471040968211686284e-01
1.388982073998508815e+00,5.758371888733267996e-01
-1.419907643975043099e+00,-5.020509003660628133e-01
8.035083946955777767e-01,1.549372489988685431e-01
-2.346106940531415830e-01,-2.423906420791492600e-01
-3.156279978172747414e-01,-7.925313506548652409e-01
5.073197662945220232e-01,-8.547031555896554833e-01
3.434404277876408340e-01,-9.381695087122249310e-01
5.932530946079420803e-02,-9.063145257277271938e-02
-8.347725079843737461e-02,8.049606729682758088e-02
-1.996576162065538951e-01,1.197569217862909374e-01
-9.312530356572563672e-01,6.311385266437011254e-02
1.850743960158224288e-01,9.027151117994716145e-01
-2.244079470254173592e-01,8.418219005566786040e-01
5.759810619341432236e-01,-7.204547110083164840e-01
3.375115054182437624e-01,-1.578012581673245429e-01
-2.373051151548295767e-01,2.183764422531626892e-01
-7.367885451803340979e-02,2.015964241336904161e-01
1.488879450666782400e-01,6.824861512183752477e-02
8.196681583551866657e-02,-1.159526354518853469e-01
8.865614976087642096e-02,4.077079091079503503e-01
-1.449383260698593190e-01,-2.032408787837907960e-01
6.732822561427083130e-01,4.559141089320089546e-01
-4.960841486385116905e-01,8.368882515037640371e-03
-2.476124542942512163e-01,-2.627823603332004598e-01
4.054079700426538313e-02,5.885382026236820469e-02
-8.023015625693323827e-01,4.394460112950437924e-01
-3.529829839069218989e-01,1.419856467989542015e-01
-1.206476179375545632e+00,-4.765976434981112897e-01
-2.360221169224789028e-01,-1.508082442062958606e+00
-9.121410032329250323e-03,-3.750206814951052847e-02
-1.135197043584995846e+00,1.000433172803822046e+00
-4.470621353856150670e-01,2.742726801133145709e-01
1.023222577995337723e-01,1.052697179561572355e-01
2.495515334244619299e-01,3.109497829621383214e-01
-3.833301458747117585e-01,1.137398185018900776e-01
-1.623154573789795108e-01,1.679471022845817618e-01
-7.034680631490793923e-01,4.468819098396467071e-01
-4.927898531146492761e-02,-4.900431187706712211e-02
4.725651768565521799e-02,-4.140885896390907872e-01
-1.226200728246124472e+00,9.428527410024882816e-01
-3.233124271539686845e-01,2.263298316338612504e-01
1.332609290010522141e-01,-4.641689951024595140e-01
-3.334670333963052902e-01,-7.848162117526623627e-01
7.854761442502213864e-01,-1.228597400196114187e+00
-1.802436564816943809e-01,3.270403672000777862e-01
1.423311759968473700e+00,-1.717205791883092969e-01
-8.566996790156081731e-01,3.414038417284369631e-01
-3.434044000579989930e-01,-2.285704206543725803e-01
3.931136532467481570e-02,2.599915828969721621e-01
3.487108930759257319e-01,-3.598376428342662803e-01
3.873130164600669528e-02,-4.842668319643923525e-01
1.593449683460088417e+00,2.611019716440345431e-02
1.545253251579242759e-01,3.853663347122271432e-01
2.845036985549626030e-01,9.125308917326162561e-01
9.431375675076546505e-01,1.017674552341967908e+00
4.689952839332459794e-02,-3.082951338303206376e-02
3.451822331550526979e-01,-1.581907004691351579e-02
-5.879072322212794584e-04,6.158079125660367425e-04
1.192414038869957338e+00,-1.018374309153996515e+00
3.795385922040230842e-01,2.675570548434041962e-01
8.475554469427946103e-01,1.060949810857109377e+00
6.523297961003767798e-01,-1.458565231058701617e+00
3.567501959806360090e-03,2.122888882367583996e-01
8.584784714970914443e-01,-4.265472259480835304e-01
-1.576274191342980080e-01,-8.422474611315242665e-01
-2.154470767550517932e-02,2.963984580192666196e-01
-2.044246754834738444e-01,-2.878690301007281183e-01
7.016967823343148170e-02,3.174293894959785700e-02
-9.452403969162923025e-02,1.442995748219554619e-01
4.823523458953321574e-02,6.552212196816092037e-03
7.215265396200186421e-02,5.484220361612229117e-02
-1.379455168416400479e+00,1.264077400949591701e-01
-3.511699264614754346e-01,2.941954255804908880e-01
7.175056413290861190e-01,-6.127815406258320108e-01
7.586362491201362745e-01,-4.276432622665145566e-01
2.863051288572153810e-02,4.720310875778999798e-02
-1.667748628414742473e-01,3.299531998535061295e-01
-3.212198184548183955e-01,-1.366100706416598198e+00
2.665357241934305232e-01,8.372468923169238408e-01
-2.818223187301633834e-02,-9.770016227423634902e-02
-1.495949235249417475e-01,2.246339372773160648e-01
-9.667338242705548756e-01,-7.245592824706663382e-02
-3.601274297984932704e-01,1.389148660342244268e+00
-1.838229148955632941e-01,1.540345686905492339e+00
6.808721706167347731e-01,-1.190746501031049398e+00
1.442414751474466517e+00,-7.166842633049215205e-01
-5.476221778744796986e-02,-6.652255818813260398e-03
1.614046100751941548e+00,5.011688172154614429e-02
3.540245986247126525e-02,-1.541571516549169463e-01
5.722708552838619983e-02,1.325989416828702860e-01
-1.934729629685277841e-01,4.810895952034843215e-01
3.107753230449974424e-01,3.080980146022526678e-01
-1.219282122707388838e-01,4.276945849087904761e-01
2.852927489815595854e-04,-1.892515892031331392e-03
-1.778575046194228459e-01,-1.531759637635018989e-01
-1.376313288589903427e+00,-7.966120070903105477e-01
-9.326634724559171308e-02,-6.234399246215096765e-03
1.572330767879891456e+00,3.694298324690267199e-01
-5.728287704518714510e-03,-1.158592266776797310e-02
-3.194917693884158916e-01,-3.179280484363685710e-01
-3.391970096047968591e-02,2.255885036553122724e-01
-6.203416007785726716e-02,6.666736844954708127e-03
-2.008349548038944332e-02,-3.200270439505865649e-01
1.382388929051717286e+00,-7.761097095907919519e-01
-4.171236435511170848e-01,-2.439103993115357971e-01
1.122242192215112261e-01,-1.430788311293571813e-01
-1.836646711646750529e-01,-1.160013412165984692e-01
1.759639739327660199e-02,2.001177928987835086e-01
-1.561994499061287289e+00,1.058611214155482372e-01
6.477407937564971796e-02,-1.427031503737158091e-01
6.267710535658344018e-02,-6.113516339744126671e-02
1.181956779352750564e+00,9.050426363993928636e-01
2.017222765726189859e-01,5.938283472125734097e-02
7.321145924500539470e-01,-1.216776988658391234e+00
-5.994264264736435394e-02,1.589899430827911297e-01
1.348961365851979455e-01,-3.465305429362966483e-01
-2.874501410941157197e-03,-1.202640381799474772e-01
2.358019749861580416e-01,8.380681052322994651e-01
8.066211963624228543e-02,-8.040109770866017691e-02
3.640662221717894109e-01,1.785962478053105540e-01
1.488629701185580245e+00,5.448577374471005874e-02
-4.068554062896766188e-02,-1.530572112350822300e-01
1.420722258252713477e+00,-4.879282455618200870e-02
-3.629493589160245337e-01,2.524111643695285401e-01
3.334551815224509053e-01,-3.072306281945875739e-01
3.800586425529827728e-01,7.105155389278315914e-01
2.060255665816844717e-01,-4.115230853918580567e-02
-3.932162944334733484e-02,3.750937807924372702e-01
-2.250507975281598738e-01,8.550120217058255756e-01
-3.367343146118923630e-02,-1.352596908076237866e-03
-2.033489912472927486e-01,-3.011400201360809326e-01
-3.794272152520092312e-01,7.144190417754427147e-02
2.571482608204102988e-02,2.748638337975849513e-02
8.788560977247655837e-01,3.762998450368494618e-02
-5.156757456641243298e-01,-7.607983708793839561e-01
-2.167626580636624056e-01,7.732727701760732097e-01
-7.922217779277015981e-02,-9.532941739754093036e-02
-6.685611116766601580e-02,-8.547182398028932426e-02
1.700072359269261812e-01,-1.892775015272919470e-01
9.092263143071668829e-02,2.321211482453718888e-01
3.416523236748081338e-01,2.170595694171842949e-01
-1.474480551619810342e-01,-1.694001480860720943e-01
-1.135145830526069904e-01,5.954886645853552790e-02
1.350502478317183286e+00,-4.938922227865618075e-01
-2.196745541712349092e-01,1.297873609212602641e+00
-1.311162141462646480e-01,-1.965152750965862838e-01
1.604484369218061495e-03,1.641359585601506188e-01
3.786803483975512696e-01,8.269158103305406238e-01
8.124846631708869393e-02,-4.509414939881632722e-02
-1.206305267350117616e-01,-4.266352267421914118e-02
-3.899282594839856286e-02,-9.760298401112732503e-02
7.436534780358031727e-01,4.595086549008765564e-01
-1.823101627615159315e-01,-9.720486681899002113e-01
-1.420991515741742706e-01,3.356761640841688515e-02
6.314159038883379038e-01,-5.378844237153923569e-01
-7.870663178889815148e-01,-4.705531831248140340e-01
-8.058066315670783797e-02,4.417960616604280077e-02
-2.335726580991254742e-01,-6.840618503748839563e-02
4.964104482900719151e-02,-9.670540869653536722e-03
1.311296638382581925e+00,8.584272435780535560e-01
1.005769783412323141e-02,8.030429748383652311e-03
-1.595264844644601974e-03,2.076757748640925549e-02
-2.875544882384477030e-01,-1.240085948001070359e-01
-3.986616901678868841e-01,2.610147683363994719e-02
-2.468962252273072117e-02,-2.374268088723327161e-02
8.039362892968127117e-02,8.169413927860090796e-01
9.713893794538971949e-02,1.120095779781749984e-01
-1.156939452231311866e-01,4.241798553149491724e-01
-9.140782152669296723e-01,-1.047579243873335786e+00
-4.495900871745713706e-02,-2.094171875387519297e-02
-2.296453855028190161e-01,-3.392667221942886613e-01
4.036851150952919243e-02,9.121951776600471795e-02
3.795887025402771009e-01,-7.790991272139355939e-01
1.134554461769642641e-01,-1.365740009769275953e-01
9.600339888023282642e-01,1.122487734543917037e+00
9.730622781058424486e-01,1.007197293702343233e+00
1.255477917538264376e-01,1.037064963460350153e-01
2.500552701443444770e-01,9.278883820521178771e-01
4.560225962740001998e-02,-8.389267400935236374e-01
-7.628067807505044540e-01,-5.653967119045276712e-01
1.346677500376171066e+00,-1.074357551865844085e-01
2.803383644986598422e-02,-1.507668144246012733e-02
-2.415748805460580240e-01,-9.128620801258265083e-02
-4.854892500327545601e-01,-8.311574919091906377e-01
7.326538429500094596e-01,5.898601015798684566e-01
7.453496059024940223e-02,7.696497297541979310e-02
8.441404445192735029e-01,-3.371769027441779976e-01
3.482464939115457736e-01,-1.425703684419388884e+00
-3.059103771666954810e-02,-4.403627217088385004e-02
-9.616324039275006563e-02,1.110321504980180535e-01
-1.489099835068998789e-01,-4.343847764049704741e-01
-6.769944541110106684e-02,-2.463452485666208225e-01
-2.256272591407725014e-01,-3.713600302294957078e-01
-4.330308263100758337e-01,8.705813269871962579e-01
2.094898479782107258e-03,-6.235690601248453091e-02
-1.432433949347918789e+00,8.140965684800542945e-01
8.110077389575783835e-01,2.613292246608570069e-01
-6.525829236339485140e-02,1.206471279022184456e-01
-8.099469959670551056e-01,4.405768026953515992e-01
1.778803779527504403e-01,-3.285058330271031432e-03
2.040935792317323805e-01,-4.470113335672128985e-01
-8.686307227797895880e-02,1.202002541986078310e-01
7.108876201482011714e-02,-2.316867788773905590e-01
1.356603135271509997e+00,-9.608232766711860551e-02
1.889527465809509310e-01,9.082609896172738617e-01
6.637480712750423728e-02,1.098215296357988174e-01
8.927285267297867533e-01,-1.372026369586232475e+00
9.453372954449299481e-01,-1.286494680659089340e-01
-4.231334196298582734e-02,-3.952260113214121073e-01
-3.114648241074946533e-02,9.263135561410881791e-02
-2.549848114905054475e-01,-3.275778120333352472e-01
-6.115457310768208643e-01,-6.162938109008312404e-01
-1.090038249184431540e-02,-1.434198596877405696e-01
4.823197649284707844e-02,-4.897725960989977867e-02
-2.106460152703565902e-01,3.142725978798043274e-01
-7.417065287246885630e-01,6.589970656615697919e-01
2.632899990961277623e-02,1.186380213719208654e-01
-1.009370131446092611e-01,-4.661169504916121142e-02
-2.349721128425757977e-01,3.748480862975272498e-01
4.809319812193511567e-01,2.370752462518161963e-01
6.966220146465695873e-02,6.035869009560873577e-02
1.535099404046692539e-01,-2.008186831800547467e-01
1.893256772554053127e-02,-9.299376643154816380e-01
3.634979370070431232e-02,-3.635025060812929754e-01
1.437568576548290955e-01,-7.319646538740957886e-02
3.209633000530889291e-01,3.216027168390942631e-02
5.532168113802329174e-03,1.764480281478019164e-01
1.044598571515138186e-01,-3.282265512058207269e-01
4.117209346578911688e-01,-1.144680980395993281e-01
-6.608938585335637217e-02,-1.843826815875178327e-01
-4.852165140077781269e-02,2.604329678452810271e-01
-2.219101626968434174e-02,1.553868511777398501e-02
6.025703966674884199e-02,3.222279080664591094e-02
1.023216665754513865e+00,-9.725372855384349924e-01
-8.591737010408584396e-01,-1.059235704625111740e+00
-1.267538610262232152e-03,-5.339666291923229891e-02
1.390107582133192077e+00,-5.552537756815963954e-01
-3.997535094833293973e-02,1.970792661182341199e-02
-1.336189329063983688e+00,2.457632239967417476e-01
4.053942144288462113e-01,1.930311151212423526e-01
-1.299506981606207479e+00,-8.027902472058474626e-01
-6.885447072599434892e-02,-3.663921044868468924e-01
-5.338555570645954207e-01,-6.581659406826474434e-01
-3.747547325307997168e-01,-1.715952543522437368e-01
1.885642356237998973e-01,3.114041275185942537e-01
-1.451143459983456951e+00,-6.913474151575281779e-01
8.160556865709965857e-01,-1.180681443039434786e+00
-2.442019453113958294e-01,-1.290563216701040572e+00
4.943130046901279551e-01,-1.324425481822568917e+00
1.406141791270584807e-01,-7.752727449800794757e-02
-1.597202686434279650e+00,-1.197090660726859573e-01
2.265340084977635615e-01,-3.642217729129158532e-01
1.534615972819329155e+00,-2.088434779204742520e-01
8.437647417484930301e-01,-1.421526294185543104e+00
-1.455134530616590816e-01,-1.541121241954902243e-01
7.960862777073985930e-01,3.138839190642117027e-01
2.703798070289261668e-01,-2.590731750965121205e-01
7.573022012952150550e-02,-7.060203474468018658e-02
1.672333903234357044e-01,4.148976204563183945e-01
2.880699283675358102e-01,2.584619269316403845e-01
-1.581327283994873323e-01,3.374202459017277556e-01
-3.063853300855945427e-01,5.678810311982719454e-03
1.185156558955299949e-01,7.733614908862845860e-02
-5.908275078157983196e-02,-4.707445494666945979e-02
-1.375142036277176683e+00,1.421945239679800466e-01
-9.721487002392744867e-04,-1.164087499631289574e-01
-2.106350099047587798e-01,-5.131721703148871966e-02
4.146277975589746645e-01,-1.039705821189077645e-01
4.919914342185171541e-01,-8.667058703446697265e-01
3.454836556550407861e-02,1.077241199944908856e-01
8.492663673700415750e-01,-1.091040923657868450e-01
-1.841303897579909393e-02,1.158746746075413857e-02
-1.503529022961682116e-01,1.386743702294296887e-01
8.594262058094801482e-01,2.486779827690705214e-01
-2.472797946928783075e-01,8.861809607603584604e-01
-2.399378157018733360e-02,-4.077456074379965517e-02
2.782165384401814601e-01,-3.382131021548654415e-01
-2.907414198946996486e-01,-2.873346602775129766e-01
-5.607415723998920853e-01,-6.426378209347054504e-01
-7.637431000836851502e-02,-3.532757603162016702e-01
1.421663932591280766e+00,3.623414952332161265e-01
8.178180671322635154e-02,-8.780239721559763844e-01
2.807751524363394369e-01,-3.551106604456639171e-01
4.512851785173391250e-01,1.596128953336911627e-01
-5.473094813100206485e-02,2.764568253227838168e-01
1.298941287444947967e-01,4.772989854204104376e-01
1.194338272476202167e+00,1.073397255875407685e+00
-3.672888330531740020e-01,1.310255446795412171e+00
7.054017381831059752e-02,7.062680078407254647e-02
1.729526073418294063e-01,-3.681286074133549024e-01
-1.665071962657154625e+00,1.038831050668386907e-01
2.552358606408515126e-02,-1.969754496497748142e-01
-4.750914730368625549e-01,-6.422784129359790373e-02
-2.282035092999629144e-02,4.663160494568298342e-02
3.827572211211167086e-01,1.360364429041718948e+00
1.029039361436377177e-02,-3.066270611567415982e-01
-3.427953585725044411e-02,5.430046752148228600e-02
3.584111180346951642e-01,-3.238961232947604740e-01
2.686915299635774801e-01,1.322192264164179232e-01
1.362120080275289145e-05,2.952367444206116950e-06
1.345120317524300058e+00,-8.138341828787166721e-01
-3.232943667570604279e-02,3.834880415368598777e-02
-3.130973209999272089e-01,3.145278161651980375e-01
-1.061016806838492588e-01,-3.958322494350313692e-01
4.210185918888070811e-01,-1.006940744393092961e-03
-1.074824481026332545e+00,-1.147821043213867354e+00
2.640659677368514813e-01,-3.470299271449301531e-02
2.567842458143054785e-01,3.488751620553532939e-01
8.794189964868312503e-02,-1.148848670117294801e-01
-2.370569797746207782e-02,3.397917729994780478e-01
2.061267810267195799e-01,3.662818924742733961e-01
3.110171755601590093e-02,-3.683466118701678171e-02
7.100015877657145369e-02,2.302629150498856081e-01
2.703710822019681284e-03,-5.130992355568497754e-02
6.958926772474043759e-03,1.262253035116676636e-01
7.263404317303627511e-02,-5.172409329678893941e-02
7.165564697112045689e-01,5.204530578020993836e-01
6.926163866806364089e-01,5.411773685477160312e-01
-1.309210898752038166e-01,8.956629479447112407e-01
-2.868851714574470468e-02,-4.387284781985622550e-01
-3.390310715905897054e-01,-8.822042859771351830e-01
7.359983270767297414e-01,-4.407176794204195613e-01
-1.034623041309302494e+00,-1.042655920190243890e+00
-8.420335508878038500e-01,-3.165983627213063700e-01
-5.783451246135745683e-01,7.327954152522250242e-01
2.261800679668940495e-01,2.954061579865829845e-01
1.879087212696941289e-01,3.340957589803920658e-01
9.024792224267609297e-01,-1.069908573092152926e+00
-1.319619790034655571e+00,7.227976115360230658e-01
-3.660514362355300477e-01,1.454268473787175608e+00
3.369337812603245136e-02,-2.093172094215851320e-01
-1.465176673919282191e+00,-2.460068216871045266e-01
-1.249897954876301842e+00,1.060928868686795479e+00
2.271403535966133418e-03,3.830621305736296445e-01
2.051061281548658688e-01,2.199332757316593001e-01
-1.082803878229035219e-02,-6.412721937445699238e-02
1.095587216597603830e-01,2.480156103616555363e-01
-2.548883467647133916e-01,3.057611960301617748e-01
-1.235574098892066930e+00,-6.791965050110481128e-01
-9.104267403391869129e-01,7.160818469253186005e-03
-4.954491310476331623e-01,6.299579982687217306e-02
4.205686345201215676e-02,-7.080389441636494169e-03
-1.401883051471405038e-02,9.195271011133704722e-03
-5.222033624137804170e-02,-2.935757258996178898e-01
-4.436446333000678387e-03,-5.020260490630625710e-02
-5.922725654934488659e-01,7.050174444196376511e-01
3.525173952713716585e-01,8.225227851909719945e-01
-5.226439609471988240e-02,2.655642320750262186e-01
-1.054102478624976191e+00,7.902103370332149712e-01
4.479645321097411315e-01,1.282838420583767292e+00
3.766534667621810328e-01,1.866753244747061113e-01
9.485183804284691433e-01,-4.243713963943231138e-02
-1.343725834099346317e+00,6.173741283946557745e-01
-8.319869180395736974e-01,1.338520396279113900e+00
2.056022959158720631e-01,-1.431664830832746205e+00
-2.276814224555794575e-01,-3.256212920279391021e-01
-5.667814074773483424e-02,-4.441112327931338172e-02
-1.049992165066913896e-01,-1.496802209938541850e+00
9.213951686892574156e-01,1.143106648576117879e+00
6.226064409029353763e-01,-6.336339394343392106e-01
8.652455217810467447e-01,2.205263486811141482e-01
4.315481393735869781e-03,3.482269115030010576e-01
-7.967076802842786021e-02,-1.304596957262572077e-01
-1.371799170824919312e+00,2.015729493143482709e-01
1.839340192017048514e-02,2.661754144302807060e-02
1.341866708434793776e-01,-9.696871584343597084e-01
-1.137558073827788230e-01,-3.681083787921358708e-01
1.195197331823798920e-01,-1.934206548425742023e-01
-7.381872975614683918e-01,6.315509625328228349e-01
3.287943859783739459e-02,7.368851808934328423e-03
3.150544452814457719e-02,-1.547497408827426701e+00
3.421527121717389541e-02,3.037631763456907219e-01
-4.400418445980883164e-02,-1.845685845824520180e-02
-3.738143098265789277e-02,-2.922478851157495061e-01
-6.078753436092004109e-02,-7.402354828891522139e-03
-7.679928766614864122e-01,-4.573219274331530304e-01
2.516985278985665597e-01,2.599019626887577039e-01
-1.231918708198043860e-01,3.967460372933125090e-02
-1.475689799842435333e-02,2.523841086352505703e-01
9.352146746836542679e-02,-4.366641436731383275e-01
-3.563380606313291676e-01,2.213292694228004565e-01
8.811503053233796789e-01,2.560541656001956712e-01
-4.475821450078570213e-02,2.521857395583308459e-01
-2.250668940446827193e-01,-2.140071677199842648e-01
4.165542520403463234e-02,6.147938863068094784e-03
1.969262497817793056e-01,-7.753606856194592001e-02
-2.731765256544221310e-01,-3.123561695534522453e-01
-1.112003984059610207e-01,8.740320268241760227e-01
-1.565630122990669670e-01,-2.081250891692031368e-01
-3.207642918409017163e-01,-7.814609983965633555e-01
9.069689860632103307e-02,3.758742891522777740e-01
4.684075888434618418e-01,7.917579980854869692e-01
5.911921416585384087e-02,8.441105213000328622e-02
4.438857379184242835e-01,3.028173362602655516e-02
3.747765232786445244e-01,7.315051218780067865e-02
-1.383338796566909723e+00,-2.172502107947865968e-01
-4.124357796547589022e-02,-4.490668569863243698e-01
-3.695216725323551277e-01,2.835763672023308146e-01
-1.467750868967998834e-01,3.196360497103410969e-01
1.634540562403673236e-02,-2.350207684950693376e-02
-2.576065858748457973e-03,1.538207654045274098e-01
8.536186094056842644e-02,-2.709668156766021907e-01
-1.313873927701080246e-01,-1.261684056304449020e-01
8.787103464528720279e-03,-1.969379925763357561e-02
-2.630110636677003844e-01,2.104857741803509708e-01
-3.005320403212016073e-02,-4.908716637754958340e-02
-9.244909337946102257e-01,1.011645497877220690e+00
-8.476762085183250361e-01,4.817606374458650587e-01
1.971951663851704839e-01,-4.763305723258204338e-02
3.072825240187846418e-01,-2.302756856743529978e-01
4.380745092723911105e-01,1.376087661800237782e+00
2.002975687395263868e-02,-5.415139084475673048e-02
1.309302158154060092e-01,-1.191243860636935353e-01
4.034088910034935860e-01,-1.029874393493126067e-01
1.644377926175573379e-01,8.829505076477807135e-01
-2.263097374771022019e-01,3.206995699400304045e-01
4.139236866054783470e-01,5.730994767164906273e-02
-8.468351339931915467e-01,-1.198794544206903900e+00
-3.311607328448556986e-01,-7.179019968980111799e-02
-1.422396750710914204e-01,-4.155972159042788105e-02
1.602223060370423433e-02,-2.529454115983616191e-02
4.020837874011032320e-01,2.883212827619834884e-01
-1.319523649372839613e-01,1.223575138013440478e-01
-5.257529708457104878e-01,-7.442650496542535521e-01
2.764285363007898400e-02,3.267180459070535836e-02
1.058612225050827305e-01,-2.354874222751537349e-01
2.701130164596983185e-01,-1.591153017087493793e-01
1.007354087262298838e-02,-8.752142998942817609e-02
-4.259310448668863214e-01,7.394955748080511530e-03
-1.720488306134141179e-02,1.230449767081330387e-01
1.209531009906045403e-03,-2.780257873366598909e-01
4.759362072675412114e-01,1.526540757928972925e+00
7.673405615335592012e-02,-5.963995480182508746e-02
1.790147526609841833e-01,-4.142213851365065813e-01
-8.630887119712142841e-01,-4.111889461843707960e-01
-4.698123082544358037e-02,-1.123416317466550685e-01
2.167742692883809774e-01,4.651014355851306598e-02
-6.760806153534780760e-01,-6.797425158690284519e-01
-2.815438322802708004e-01,4.029252192975180114e-01
-8.831905309238776702e-01,1.329166053666902270e-01
-3.230884109797271808e-02,3.112255300395013607e-02
3.847103159557299645e-01,5.150573537123002282e-02
-1.269466482151422104e+00,4.815873142210310154e-01
5.079857652196124729e-01,1.384543825535799133e+00
-3.780858940045911387e-01,1.436422301817750657e+00
-4.017511885395254334e-02,-9.062115491494900088e-02
2.788021167083927221e-01,2.725132541635269523e-02
3.165910633941932950e-01,3.425803748668710957e-01
1.506446545969848151e-02,1.926924472726289708e-02
-5.967924314764525007e-02,-2.570781616507290812e-02
1.390797533947943920e-01,2.992622419716329252e-01
-1.316941932466373588e+00,1.022322306239190765e-02
3.574088000435095558e-01,2.309757263150427065e-01
3.784597713972774891e-01,9.128238516298229355e-01
-2.051884715787254468e-02,2.070028774510284178e-02
2.820528837072085876e-02,-6.676024380948998582e-02
3.970072515318135431e-01,-8.369615257404437736e-02
3.737814537523583280e-01,-1.108814400460704369e-01
-8.002597469866317148e-01,-1.762873777960944910e-01
8.333700149551149794e-01,2.220108448987010707e-01
-1.255302633147282743e-01,-3.931193444261546488e-02
1.058767516837498590e+00,1.138626548247936077e+00
9.812192496948012321e-01,1.212832251673926776e-01
-1.532510083541124557e-01,1.854866038048992305e-01
-1.594599209975114951e-01,1.196310221844599508e-01
-3.840598854595022038e-01,1.400504260446227556e-01
1.601321664259094613e+00,-7.164385264006603582e-02
3.916840789098165465e-01,-1.609553386272463360e+00
6.154286440480111198e-01,-5.833831171226924184e-01
-2.325653541368680188e-02,-4.919871821620340757e-01
-1.427195337507262574e+00,-2.151324024969246407e-01
3.310334527148921513e-01,5.360777692368728226e-02
-5.331716841309630528e-02,-7.969808758101526100e-03
-1.525494994817339078e-01,-1.384959715337583885e+00
-1.398932018436305880e+00,-1.951833224413540291e-01
1.570050647331084681e+00,-6.459386863398203227e-02
1.855391993087472102e-01,4.238300992712933368e-01
-1.241700181079763876e+00,-7.206746610673748776e-01
1.888489867397046273e-01,2.920561474997477869e-01
5.662562854694477843e-02,6.085983992637045148e-02
-3.517546899494972817e-02,1.522726895296739602e-01
8.543449152397349089e-02,1.333179064217441534e-01
3.192917827084248983e-01,-1.974925793211726177e-01
-1.321436549356498125e+00,6.803346588114808080e-01
3.576925509179009199e-01,-3.541846476986091896e-01
-1.141026574062895094e+00,7.248433316395721526e-01
7.195556631283335502e-02,4.383901755200769190e-01
-2.913233852607768556e-02,5.644864636348485842e-02
8.877568131683836183e-01,-3.048883212877435966e-02
-4.037679860371807816e-01,-9.013332112661686102e-01
4.463012576706897050e-02,-1.044072538995947097e-01
-2.269643372295944983e-01,-9.381119315573760442e-01
-1.888944581034553427e-01,3.722375576559346921e-01
-6.666580945438019823e-01,-1.488184061022654436e+00
1.410776137725630319e-01,2.895222367260745500e-02
3.906356316111071064e-02,1.074887775970420623e-02
-3.134627621829410016e-01,2.683151207583635012e-01
1.804342996126109266e-01,8.258714598260286088e-01
4.268524530341331058e-01,2.656703619759700485e-01
-1.248853117970960103e+00,-6.613047511968901393e-01
-1.415610087790587501e+00,5.641355240340079069e-01
1.492682434138445646e-01,-4.018841050745391823e-03
2.079436422435800846e-01,4.397456262371536861e-01
8.802542160306423558e-01,-1.688361905017561337e-01
-1.930188332855082567e-01,-8.208807469335180906e-01
2.577480718098403845e-01,3.322022677529904433e-01
9.962138229137726952e-01,8.447141262940508488e-01
1.306314365289336366e-01,8.758501127758612226e-01
9.947189485985349910e-02,2.147757908904994115e-02
1.263694041260691181e+00,9.247563147578222731e-01
-5.608157570916293133e-02,-2.557494750975400008e-02
3.864829173878092661e-01,-8.641496204371607037e-01
-3.463715227304158678e-02,8.022705996139579687e-01
-3.103717966333651157e-01,-6.343282913122549882e-02
-2.011058167620423942e-01,1.493540747368146855e-02
1.429445570110198682e+00,4.136150823075903094e-01
-2.073453460586134611e-01,-9.258421258996880551e-03
1.788658594653181558e-03,4.038694616276521931e-01
-2.259931467888238732e-01,1.519440799261778108e-01
6.080156789942550155e-01,-5.779009840284872190e-01
-5.557415897516107539e-02,-3.895806439033226709e-02
8.184967522330749423e-02,1.208315425365350804e-01
1.334260884205762951e-03,-1.778671949231900307e-01
-3.255195998128537771e-01,2.092603485727088930e-01
8.948940534076696429e-02,1.210513301243250212e-01
-4.187311727919956206e-01,-9.566890009811096149e-03
1.353087374704614338e-03,1.291280761762889605e-02
7.318335189677646069e-01,-3.505726010801608061e-01
3.222561479819842090e-01,2.422503152054050479e-01
-5.967245026366582890e-03,9.214934001527334828e-03
3.361022720978932843e-01,7.715446994367843037e-02
8.691513112988131784e-01,2.842954376316890186e-01
-9.707410158813321865e-02,-4.554223903116232097e-02
-1.318330878967418629e+00,-4.284433875509142120e-01
4.057488002890977108e-01,7.816364529579249432e-01
-1.537223779550626890e-01,-7.274738723144398567e-02
-1.196558207237335747e+00,-7.668112901461179298e-01
-7.160143595347270296e-01,1.287329283110900668e+00
3.838729904658721992e-01,-2.269098250849037601e-01
3.709350977815553500e-03,9.735857857795916868e-04
-4.268474931102833603e-02,-3.771247307297040385e-02
9.357980786595129774e-02,-1.295351826325571443e-01
6.223120711900936852e-01,5.276736634310694729e-01
7.094530097049218421e-03,-6.976815448589634115e-03
9.277956543456618022e-01,2.179919137578000543e-01
1.888985474758630434e-01,4.888557060400389176e-01
-1.874539076800982584e-01,2.964995331951555957e-01
2.722177657086763750e-02,4.930058264937924040e-02
1.220794973138852879e-01,5.150943744658521839e-02
-4.930284908035497543e-02,2.460744507301856204e-02
7.251554236217321314e-01,4.938270529120376562e-01
-5.763114742169347382e-01,-8.102310763978763930e-01
-2.801794681188910507e-01,2.795536113228478947e-01
-2.577352258573056276e-01,8.870479866480485143e-01
4.474038219620118245e-02,-1.525518943785323517e-02
4.332109819157228814e-01,1.234676777144869120e-01
-1.463787450624282505e+00,1.151319018550166218e-02
3.179332163666944711e-01,-8.149002689414258649e-02
-1.595939872854804653e-01,1.025905908404090711e-01
3.301864364920218953e-01,-2.160312776443945315e-01
-6.571686168626340585e-01,-7.018001363854334818e-01
1.444954284986488535e-01,3.730185191045478077e-01
7.267084712701427085e-02,-4.370101176653882341e-02
-3.119127864105765147e-01,-1.970983605653260987e-02
1.758025048104393251e-01,1.034582660933521664e-02
1.764632612754740357e-02,5.189702084051654729e-02
-1.316476631502525897e-02,-4.970867808593709691e-02
-8.294469472323565684e-01,-4.800850234372616154e-01
1.684469250434032783e-01,-1.583398363429630931e-02
1.024559799171564228e-01,4.454597773370939651e-01
-6.247983257022721171e-02,-7.570087841732082989e-02
2.283140101705934122e-01,-4.531979954651322445e-02
-2.474012111299705441e-01,-2.413671011294546420e-01
-6.361767315651732993e-03,-1.803766686386679974e-01
-9.966472245424191911e-03,-1.849168617099783765e-02
-8.807629063521129620e-01,2.287313768313274931e-01
-1.447572755248170695e-01,-9.249383423314897490e-01
-1.544753863968423291e-02,1.803420316930668538e-02
2.831420166888665071e-03,1.869499424280756522e-02
9.780189815167869005e-01,-4.587197469694812707e-02
-2.660528889533350649e-01,1.497000257753895003e+00
-3.924881300941800849e-02,1.841123755514789406e-01
-2.096817478952611169e-01,-3.469701312331190390e-01
-7.323928975144514998e-03,8.434296927051988801e-02
1.405893707292014128e-01,-9.589043162706824275e-02
-1.343508528029100646e-01,-6.032430413730687641e-02
-2.507439990171551197e-02,2.956127050340592519e-02
3.086147189855978912e-01,-8.177307870143393775e-02
6.365469991041590170e-01,-1.306501505745097935e+00
1.277881549540331729e-01,-5.031162279769249013e-01
1.458997301352521481e-01,-9.526398236696966837e-01
2.337056754735386266e-01,-9.603703127186259403e-01
8.783811807187809073e-01,-3.922438374287484653e-01
-4.055182513225454310e-01,-1.860302134880062741e-01
5.127534137746267984e-01,1.548885080471183118e+00
6.897605741458262552e-01,-4.347038426819083701e-01
8.379143392555459258e-01,-1.712853827428199860e-01
-2.614913587534943851e-01,2.396553338848916859e-01
5.409384696870861431e-02,1.672450880586706379e-01
1.151430328410403131e-01,-1.716972689724274026e-01
-1.771866004007375539e-01,-1.048033857789541778e-02
8.021026478855758368e-01,5.250884848910774005e-01
-1.522991640011101097e-04,5.984211854481345620e-03
-1.730542926521227987e-02,1.389394182848423254e-02
1.821084845660642659e-01,5.101607501182154475e-02
1.334246749326015447e-01,1.794360387768400011e-01
-2.237164020810377130e-01,2.230787717166622663e-01
-4.753195164295473396e-01,-1.511331150445977510e-02
2.218663232911642358e-01,-2.590501670675973700e-01
4.418812419694356231e-01,1.925131113183298215e-01
-1.617155972208339509e-01,-3.797875020137410351e-02
6.508703818485929160e-01,1.253839854217738026e+00
1.683901144576785691e-01,9.670903439485137310e-02
1.957526395169846001e-01,1.224484033328294974e-01
-1.387542838147239575e-02,-2.163466531066319393e-02
1.116430704438372140e-01,1.026492981993642750e-01
1.359746611257518945e+00,-4.280708114340955883e-01
-8.043381765377527470e-03,-2.690045374867678918e-01
1.532782949014609652e+00,-1.690268935857446309e-01
3.156221926837463609e-01,-3.222285661451098071e-01
1.242110941339128249e+00,-7.001779517749873172e-01
-6.142847815125878144e-03,-2.663702883538847654e-01
2.216353404765295798e-01,-1.601626615850730628e+00
1.530615697146500420e-01,4.484235039304240722e-01
5.135026881668591781e-01,6.721285942228072408e-01
-2.480650338386763097e-03,9.335754850138199348e-03
4.311975157256490998e-02,-3.718564090873341388e-01
8.329804974967036646e-01,-5.899640286824166246e-02
1.157752886094772560e+00,-6.671720037710080486e-01
2.402422209495998565e-02,-1.217147855665196010e-01
-3.245246700732076772e-01,2.901860249843602468e-01
1.945324097291348808e-01,-1.005663075030497310e-02
-7.995256901049796472e-01,1.470555160069015044e-01
-2.082943371537424593e-01,-3.464638579206596458e-01
-6.464082964459054725e-01,4.845814597285610925e-01
2.737092344228471141e-01,1.469684697383456085e+00
5.281035639061332915e-02,2.136387876718228718e-01
-5.509790691938403207e-01,-6.366865256627266545e-01
-2.027064951668678394e-01,7.179594464664623699e-02
-5.384319736869289108e-02,-2.229988808294381675e-01
-8.097558504231132659e-01,-1.386301842215993174e+00
1.609430856443456181e-01,9.399402232254290557e-02
-5.981407628132926479e-01,-6.305289874993272869e-01
1.640928820279960107e-02,-8.163560514368599363e-02
9.058515885483165997e-01,-2.684984601780017743e-01
4.880468817392178554e-02,-3.930935098550477069e-01
-2.934629563446770062e-01,2.266794554580076337e-01
-7.881187270359215624e-01,-1.383279440590413412e+00
1.382067482586415430e+00,-6.319426965156884624e-01
9.398007247213534254e-02,3.847861302782042969e-01
-2.009566154363220669e-01,2.831879903314771796e-01
1.534775067536552906e-01,-2.111715666003760594e-01
-6.217840960192808630e-01,1.239775025529588071e+00
1.472743662751609062e+00,5.347042856770805042e-01
-8.569456744455483665e-01,-3.029988247797280043e-01
-2.036706879908870282e-01,3.666896449157752702e-01
-5.554335967809279628e-01,-1.307215549513427444e+00
-6.017051810140621598e-02,4.680961336196874933e-01
5.829395729777382407e-01,6.634187706332349554e-01
3.460315183777309261e-02,1.034025352703608347e-01
1.443502256799738259e-01,-2.568005471861867228e-01
3.674907960727613054e-01,-7.891411635979977968e-02
-3.246582553528833907e-03,3.489557794538158397e-01
7.554225793865557148e-02,-1.389721051316107348e+00
5.271656009322212011e-01,6.598933988529531725e-01
2.161423320067215256e-02,6.662279054052205884e-02
-8.362887955699412901e-01,8.647520332354545480e-02
1.306371470890274056e-01,4.492931693348205940e-02
-1.230649149312959434e+00,1.093416529109692448e+00
-1.694956983536060890e-01,2.759529114773717207e-01
4.240362939793963504e-01,-1.446908591701079327e+00
-1.014715897695116081e-01,1.664624569318747249e-01
3.703888842291796490e-01,1.726579453128468042e-02
-7.535057388067429862e-01,-3.990036281741573543e-01
-1.104485363533578429e-01,-4.489750194086442603e-01
-1.315314444065427413e+00,6.917860622711188290e-01
-7.224397365008369820e-02,1.141274262942159647e-02
3.850822888580531234e-01,-3.733165446380078828e-02
7.315837569764030990e-01,5.601850285282647945e-01
3.443234774073749560e-01,2.680419419979476192e-01
4.104356444999159859e-01,8.587830449187625059e-02
4.091609598649287999e-02,1.820810807752897345e-02
-7.198568667414628752e-02,1.707150864431369597e-01
5.861382925333416538e-02,-1.429288957385266956e+00
5.645727410072897551e-02,-1.593287246138841168e-03
9.344576966013304897e-01,-2.966494892367037561e-01
-5.459719425584647068e-02,-2.335449010822222282e-01
2.262967680027044570e-01,-2.750828048156542314e-04
2.812857621330086544e-01,-2.886603167560267136e-01
-5.704976310706584217e-03,-1.776557020783681717e-01
-7.248376698016161315e-03,3.743042556082560313e-01
2.765002388448917214e-02,-2.909094231637042727e-01
2.001895080246229169e-02,2.270754867826322021e-01
2.726605353454760738e-01,7.808194297677722995e-01
-5.772407052217830986e-03,-5.727228492825465339e-02
-1.222200174863216304e+00,5.822019118866276211e-01
-8.389514883474707974e-02,-4.113674667669155460e-01
-1.246699889011685380e+00,9.845221383470972309e-01
-1.501141510870160518e-02,6.635164903951427419e-03
1.585418516585815904e-03,-1.856159010525879061e-02
-5.531393618248969107e-02,4.661989259306026367e-01
5.428972128517798312e-01,6.735323068680084679e-01
6.597471484167224953e-02,-1.177270020043082177e-01
-3.104286825472990508e-01,8.592814015109599968e-01
-2.958741757475152334e-01,1.446725191286185597e-01
-1.691809998500222179e-01,-1.024886344612548211e-01
-4.007486831752698347e-02,2.746115940161961144e-02
9.446693967102517964e-02,2.626127594612429061e-01
2.545845881002371525e-01,2.109235048413068692e-01
-8.013975112850342253e-01,3.682016654527346389e-01
3.150019967137291377e-01,-1.301270947571797620e-01
1.194126135371114533e-01,2.804360448645111178e-02
-8.532990299848446369e-01,-3.073204761975751875e-01
-8.557210780831208119e-01,1.257401412452690825e-01
4.066457033552579592e-01,-7.111642527421611071e-01
4.094459012413154131e-02,1.619285177887379856e-01
7.934224242687736364e-03,-1.419639587979819317e-01
8.257240018190686870e-01,3.423244956818907725e-01
-6.866915519356854292e-01,5.243892571413757420e-01
7.878111036439998660e-01,-6.068560708960148986e-01
1.092183554843879412e+00,-9.180043201012161314e-01
-1.365304229406711922e-01,-9.291215637353328338e-02
-2.241370220683729098e-01,-3.581293132233528409e-01
1.297626529784878580e+00,-3.982247143947681978e-01
-3.676726832929905764e-01,7.331023955652360424e-01
-2.546598127563462488e-02,1.425907248435429320e-01
5.599908617925760529e-02,1.364505834007057050e-01
1.140622111374873932e-01,-2.935378939064769988e-02
1.026561949995001610e+00,-8.744975846836748890e-01
-1.425019740105560206e+00,-4.020845389074146348e-01
3.347874307441586761e-01,2.401750391990676858e-01
-1.144262362555088730e+00,-9.177149935924090451e-01
2.416404779879813003e-01,-1.577770857619372080e+00
-1.208755789999463488e-02,1.587967184699601991e-02
-3.910866855465005565e-01,1.488377837559715922e-01
2.633225806809060682e-02,-7.984769533708900927e-03
-1.103804260671507192e-01,8.784325699504316742e-02
1.168989935873325503e-01,1.342924884923908380e-01
1.155656583752355249e-01,3.769888053751709323e-01
-4.419034631491510767e-01,-3.935124606745588061e-02
-7.640228159499516947e-01,3.360662730639381035e-01
-1.932813249303441117e-01,1.330009008848261343e-01
-7.494361043765886965e-01,-5.231676890077243680e-01
-9.638233955636597017e-01,-1.016012663765928581e+00
2.654600903594849792e-01,-1.809196536860522009e-01
-1.265709734821093280e+00,5.567403806301173264e-01
-1.434276895735453916e+00,-6.651983932183803683e-01
-1.372357347030342956e+00,5.920847150218403465e-01
-1.298283922874497176e-01,3.659172449913408731e-01
1.811421397667036318e-02,8.238622596301939383e-02
9.042271094486659111e-01,3.795150665167510567e-02
1.178052714007338686e+00,5.297657964805180253e-01
-4.242053024050488480e-02,3.351371585748033066e-01
7.795367620948127907e-02,2.052680697956513201e-01
-2.062062595153169309e-01,2.279765764295115654e-02
1.240587655306967518e-01,-7.097307862505132514e-02
4.114633553998250926e-01,-7.165204680068051023e-03
6.286614229067875037e-01,1.372793893705730239e+00
3.342606447675741110e-01,2.423356348957998452e-01
-5.497190999914308013e-02,-4.708074318628731325e-02
2.067293802569906414e-01,-4.800515522231175308e-02
-5.029786730968496267e-01,1.392268960465439465e+00
3.914136280815763147e-01,-2.349694096120864828e-01
3.105356077954492255e-02,-1.637411581602915278e-01
1.465133028470309018e-01,-2.923546952347860772e-01
4.018814653573102302e-02,-1.627092004089837340e-01
-1.197977257655031824e-01,-2.531199846302308390e-02
-3.900391069169829167e-02,-1.987942220233638313e-01
-9.296836168098171482e-02,-3.740747268867772313e-01
3.309066863212751231e-01,-1.094701155858981804e-02
1.353014551915636965e-01,1.374901975713165081e+00
8.606781865019080824e-02,-2.155366899860474972e-01
1.359409309522247256e+00,4.752786569632618807e-01
5.528410800679482706e-02,2.091684204968243671e-02
-3.278059472985541192e-03,1.329701838990630380e-01
-7.236052478950635303e-01,1.454762983724157799e+00
4.035620755844889634e-02,-1.493093791024358540e-02
1.234853542316137531e+00,-5.371427843037529515e-01
-7.643704564043464211e-01,-4.201753201115642766e-01
1.121079891752875812e-01,1.183028515063574010e-01
1.885016276123300805e-01,2.872780477668405719e-01
-4.429622086678014492e-01,-7.062670174153621305e-01
5.038435038882579627e-04,1.677085498575887207e-03
2.119601300099862307e-01,4.563183362104549640e-03
3.290462704362636104e-01,8.537986266525936507e-01
8.037947331003660878e-01,-2.310963036655915570e-01
-3.023876403679939817e-01,-1.561032792992540774e-01
1.219118264938795493e+00,7.533016527627209857e-01
-1.668002302370256984e-01,3.311861539220092854e-01
-6.948592990868337482e-01,-1.206460446043959855e+00
1.325625685489705052e+00,5.226727265943723610e-01
-8.730588684642007768e-01,-1.465887637987677850e-01
-1.708904486141318846e-02,-2.757825800547377294e-03
-8.025679834601272544e-01,4.716121816591182236e-01
9.730659497947936887e-02,3.008240997256027005e-01
6.883412074592221153e-02,-1.535293697075528485e-01
3.987279861110039070e-01,-1.561950223780457503e-01
1.982145408518798946e-01,-2.731291379949407974e-02
9.867662656705861179e-01,1.185840642990936278e+00
5.918344658201189767e-02,5.312874497963998577e-02
-8.773863378630174514e-01,9.225279682784645607e-02
1.707386495984420105e-01,6.451526793751485855e-02
1.290866724236407581e+00,-9.943631216887611757e-01
-8.659583007630698714e-02,1.273921101663422206e-02
3.763883926500358190e-02,-1.318436725037104018e-01
-2.329289366326680482e-04,1.741037274917636435e-01
1.309989119597593010e+00,4.221148880510306456e-01
-3.701252210238856200e-01,7.356950543069989967e-02
-3.423854248971738151e-02,-6.734915483589273832e-03
1.175145630387946540e-02,-1.687819494323458402e-01
-4.279357917548811535e-02,5.642927153430248727e-02
-7.662626171471216552e-02,1.860298805976476344e-02
-7.904224864689519681e-01,1.069624440942099852e+00
-1.936586702437000443e-02,1.113914568879605244e-01
-1.601223760078796243e-01,-1.180144992912392221e-01
-2.497589838605436818e-01,4.525734417357267503e-02
3.528331880275210608e-01,-1.486520791157396049e-01
5.230934443615244955e-01,-4.059555381316439643e-02
-3.491313119525264463e-01,-5.239339442237173766e-02
-1.548188514246207625e-01,2.639177306505285925e-01
-9.895499450887931814e-02,-3.892782568160447210e-01
8.049094417569107041e-01,-2.533988575600801263e-01
7.118998732501928828e-01,1.412543409391265437e+00
1.611726571572598576e+00,-7.559472965945518430e-02
-1.506120270745554990e+00,-3.674364919376669203e-01
-4.118985028502419182e-02,4.003310427946251554e-02
1.008323161319485961e-01,2.491395564620875469e-01
2.749684774241251684e-01,-3.710251204721309870e-02
-1.298934547147077567e-01,-3.162161387732240203e-01
-1.277569325707472031e-02,-2.419827783090477968e-02
4.337245356463934609e-01,-1.210426625101533177e-01
8.806131563756894876e-01,-7.218405254916077096e-02
5.864249993065247940e-02,-1.739775175445405220e-01
3.716488053614353526e-01,2.512784835351526413e-01
-2.167692248327766913e-01,5.505793788565210151e-02
-1.349152027497834971e-01,7.971013383462701718e-01
1.223419341595234577e+00,-8.799450731377262969e-01
-1.930892842864988940e-02,2.082871563712654014e-02
3.026384472954128380e-01,-2.691648883941402670e-01
2.316208721659708814e-01,-2.972170267237967956e-01
-2.313053359364895256e-01,4.420362059361431784e-01
6.037863313318145297e-02,2.329207905030384329e-01
1.372369288857275271e-01,-1.473399992852518103e+00
-1.249521525684070822e+00,-9.261524410947433728e-01
9.025161160555009165e-02,3.754250944355453923e-01
-2.385232711363003549e-02,2.501988991521782446e-01
-1.235060317134724778e-01,-4.567045122561816939e-01
-3.308921324517049775e-03,3.924128254836881796e-02
5.039221764131806419e-02,-3.070803466422102404e-02
-5.748961658097551108e-02,1.293484360439401959e-01
1.530260788477648015e+00,-4.857909383719484220e-01
6.267431248916884856e-01,7.580688917697759877e-01
7.237404461734224526e-02,-8.073747623447702360e-02
4.494310048519862405e-02,3.403909169873078899e-01
-6.681426913385819510e-01,1.483237560859524518e+00
1.577749152788875337e-03,-2.845720555267017976e-02
-9.711143382328382700e-02,4.136661858694052479e-02
-6.401944352120333970e-02,1.069496782831226567e-01
2.086468989897831694e-01,-1.397043763673077310e-01
-6.606879675556709408e-02,1.033317110944699524e-01
-1.303528941140960629e-01,-4.561123668432439521e-02
-1.370724956285181984e-01,2.852044297805344727e-02
-6.324679870022988093e-02,1.227415362742362466e-02
7.910812454325424348e-01,-2.427725511111870349e-01
-2.051795706149161791e-01,4.998324492778078929e-03
3.521474229499672037e-01,-3.243349924845847498e-01
3.879291128683517997e-01,2.614643391369372849e-01
7.745026917020796375e-01,-4.911505663242071162e-01
-1.566333284142090027e-02,-3.177625388080371205e-01
-2.485041938379878579e-01,-1.492933255729902986e-01
2.680358134321879360e-02,3.479374496255644572e-02
-1.921397277742702414e-01,2.845165962316316133e-01
8.492121451082466077e-01,-1.024562611742663720e-01
5.074070870515107190e-01,-6.529650847145308801e-02
-2.208889103018693290e-01,3.536452411403717133e-01
2.399320377589347908e-01,3.639902255696972344e-01
1.664952163795095086e-01,2.352938078383643994e-01
3.900018186714388491e-01,-3.496276189137378920e-01
-5.999210634353294332e-03,-3.627712521742706420e-01
1.278951621108261050e-01,1.661369709815151974e-01
7.555653906999394431e-01,1.277146133862457456e+00
-7.739280985832426296e-01,2.935988934227219405e-01
-8.151985027114914961e-02,2.168340357959872566e-01
-1.428838463127026781e+00,2.150344138512645664e-01
-1.356931551068360609e+00,-9.150672917703646103e-01
4.830500075975543983e-01,-6.988838989983217065e-01
5.808936281033348914e-01,-1.586815778219163198e+00
-4.087835500558437314e-03,1.538326647143608943e-02
6.197747550112049364e-01,6.340922404614932617e-01
3.605976365098101377e-02,2.870366123368372491e-01
4.513779503145536887e-01,8.542448471648607100e-01
8.256588052408398992e-01,1.280744925858402494e-01
9.399415933005490775e-02,2.086342004716192633e-01
-2.808935107790604124e-02,4.172880317510737069e-01
-1.333979784087904463e-01,2.385462626804781827e-01
-4.986397823312305744e-01,7.476807044774703981e-02
3.584056192936155849e-01,5.609460928628449972e-02
4.930785535695055843e-01,2.630643031055988554e-02
1.437323633972854564e-01,-3.672271842099346650e-01
2.803573651634813091e-01,-1.494428598905755690e-01
4.795056230623242488e-01,8.235236514937621655e-01
-2.581501066615328743e-01,-1.545063579037239954e-01
-8.019667481718102328e-03,-4.176775766279048341e-01
8.995763281513613485e-01,1.077833187172256846e+00
-7.099047785577776715e-01,-5.693539179691462504e-01
6.201954915905706633e-02,-1.188279084314854683e-01
-3.526523744120586140e-02,-6.949451573202851395e-02
1.039389732993373228e-02,-1.742167037891942730e-02
9.138896866317400280e-02,-8.467224486777433778e-01
5.181618878270823070e-02,-3.241969530882704564e-01
3.281941939495499217e-03,-4.829325854666342149e-02
-1.296008946337716683e-01,3.146059465152522550e-01
1.679176714147422311e-01,5.355083181314709145e-02
-2.657553614359159377e-02,-4.254336039298124705e-02
-3.837481690160150505e-01,-1.586146706841655485e+00
4.123130909838819136e-01,-1.475424837686857560e-01
1.312608595717512094e-01,4.693361952332024134e-01
1.679011877487641691e-01,3.872436956835449418e-01
8.479266755911150921e-02,1.087913403837955789e-01
-1.369381590592936515e+00,-5.148773098949702698e-01
7.277923248110100829e-01,-5.234650529963427168e-01
9.163348127711067048e-02,1.431071802259890058e-01
-8.645253486135558996e-01,-2.439350602576941807e-01
-1.535520016734883142e-01,3.452252707947581767e-01
1.695258499737804514e-01,-3.684234648152294733e-01
-3.259735138188323694e-02,1.677820244361157842e-01
-1.312234358436475956e-01,4.908361195897106150e-02
2.929256041614453077e-01,-3.622936247540579913e-02
1.180214354621841877e-01,3.456871522433400123e-01
-1.269814550068812276e+00,-7.591676392857212852e-01
1.235588097545053596e-02,-1.126866895897916387e-01
-1.468328033983979652e-01,2.190394578427634631e-01
-1.412500759907117986e+00,-5.087201448849674179e-01
-1.231616110790280549e+00,1.015014040461147182e+00
-2.594840188644939594e-01,1.582305424002155236e+00
2.238046316000289748e-01,-3.791680380829984959e-02
6.445093085614008732e-01,5.508106693824454947e-01
3.519066470028783256e-01,2.001622592536426160e-01
1.270175611617517519e-01,-2.002350302149963346e-01
-2.142825980586094553e-02,-1.050106414301211176e-02
5.769693611937007915e-01,5.972094409770708490e-01
3.525452936744726817e-01,-2.623010516541630088e-01
1.411720443238765998e+00,8.584369679196228731e-01
3.635519379809409174e-02,1.009681905373398386e-01
-1.577271385736832843e-01,-2.796290911685127001e-01
1.339185994569903171e+00,2.582297773940313013e-01
8.368098148657280300e-01,-4.698071640689965300e-01
-1.054698218272933363e-01,1.738074080688541412e-01
-1.679037409627508470e-01,7.578828086747455006e-02
1.684709403814448891e-01,8.794246465603140495e-01
1.294995649673931881e+00,7.055412892437239181e-02
2.152154143113413631e-01,4.388340138822460768e-01
1.403188270656953729e-01,8.466117376738747924e-02
1.052146646955533171e+00,1.134243058186596542e+00
4.021510832392576340e-01,-1.107761315991702827e-01
-3.750217114685314157e-02,2.084531441172702074e-02
-1.410577842101150781e+00,-4.312335502471191240e-01
-9.552563543709801097e-01,-1.203592243935247552e+00
1.958822370446121341e-02,8.526367828537960714e-01
1.834546350362131484e-01,2.321412985370935322e-02
-8.930735013750212836e-02,-1.227041583827141735e-01
-2.443365580419679661e-01,-1.341882008578716423e-01
1.653180808114185496e-01,1.320089390550789887e-01
-2.287050751664640724e-01,7.369806012076361712e-02
3.413704156809063694e-01,3.698268337825638685e-02
-1.483048114391537498e-01,2.105651844008232798e-01
-8.199897370027805499e-01,-5.529724674231754067e-01
3.557683538680094654e-02,-8.675355049282246211e-01
2.757069357277323191e-02,-2.312831908109198586e-01
-3.633622543315053743e-01,1.363081421966135354e+00
-1.111341046221787199e+00,-1.117360476830641769e+00
1.234735685257369209e+00,-1.008599645147891577e+00
-4.902220310485753130e-01,6.683133804397148880e-01
-2.117218373329013137e-01,-2.370922226073601535e-01
1.192464047675306504e-01,-6.299120522717872872e-02
3.148277776944695128e-01,-1.598233611289515244e+00
4.835300249514773441e-01,1.912045737664080369e-01
1.739745288167971471e-01,-2.010500895542134403e-01
-6.441047372961525297e-02,-1.404617989312494097e-01
7.109960331325987370e-02,2.651690030598347070e-01
-1.443537055500929922e+00,1.517807207016099169e-01
-1.879379741244173929e-03,3.062798434387379448e-02
-5.042629399425709730e-02,2.301749596150996086e-02
6.722795168900279617e-01,1.233940384225042486e+00
-6.090171171284530088e-02,6.443480117171784816e-02
-5.157158572164237398e-02,-2.766373793729952624e-01
-1.019757595594781158e-01,2.152029219207546654e-02
-9.967873405486710192e-01,1.186535565560050021e+00
-8.883476276418993400e-01,1.313641102124719406e+00
-7.096898711453904218e-02,1.463498819705333132e+00
5.341249656085506753e-02,-5.026252638052839533e-02
-8.857330681157876695e-03,-3.638938908670673045e-01
-7.465522877810113478e-01,-2.949126283526901648e-01
-2.717879765192819132e-03,2.401437500005026721e-03
-1.190384335067574406e-01,3.454932050102920149e-01
-2.934988336588078006e-01,-1.564888901703928914e+00
-9.299564716313840629e-02,-8.442848089325677430e-01
-6.868359349618177734e-02,-1.234701366385713567e-01
9.055879961738646511e-01,-9.986327546259034238e-02
1.410222057118556638e+00,-1.811693050468967392e-01
1.825173983648822607e-01,4.375446168651903056e-01
1.015306265637374444e-01,2.315259795418341676e-02
1.876981712123839963e-01,-2.824755891021684673e-01
-4.153664727732879203e-01,-1.407208532118011945e-01
-2.714407380142740411e-01,-2.244616159864028515e-01
-4.349587139166737754e-02,-3.283951821620385153e-02
-5.695586662092466668e-01,-7.176255776565387823e-01
-2.982894424744096384e-01,-7.105884020720668048e-02
-9.266282415558199648e-02,8.680704366544492734e-01
1.450201842077932478e-02,-1.323451375256288753e-01
-3.420911163868298743e-01,-3.792328088552844867e-01
2.281483148741802330e-02,1.431065378637426388e-01
-3.460616240825982737e-01,-1.232083390182053262e-01
-6.189714315698913866e-03,-8.209875859931112241e-02
-1.287268515445679773e+00,-7.665385142199899748e-01
-1.515461988883305515e-02,3.779839273104614039e-02
1.832789562490691471e-02,5.473657258134781434e-02
-1.830894999831257086e-01,-1.048058063001272439e-01
1.211461012110883889e-01,-5.084181483493862425e-02
2.232683450595277785e-01,-2.272439181698807653e-01
1.012066485317292611e-02,1.531163549752665165e-01
3.117530587059182123e-02,-2.107600084154269762e-02
2.058718798090014568e-01,-3.681638092476492707e-02
8.558936078372578193e-02,2.169668917173881717e-01
-3.591385664564740732e-01,1.229388514197874843e-01
-1.326788432127657125e-01,4.073122632191392145e-01
6.936337731635144888e-02,5.959345866142651965e-02
-4.324695912321579810e-05,-6.280187149149058130e-03
1.911388019751298906e-01,-2.781516291942726649e-01
-4.179019504361525250e-02,-2.874806630400043861e-02
-8.997058743930108626e-02,-1.722845053510060898e-01
-4.693678690138630011e-02,7.190310705823070581e-02
3.780498881700837532e-02,-1.046319226308673606e-01
5.336812043330265709e-01,6.394335815641970511e-01
7.929572897959905053e-02,-2.301186792153868121e-01
4.465776503481762583e-01,1.419357642531474950e-01
4.025522439180708179e-01,3.015267896073672502e-02
-4.811089536578466025e-02,1.378536891033757929e-03
-3.395322272734073443e-02,4.990851148154294703e-02
8.106847988478024236e-01,2.834327966698466095e-01
-1.836739732371537800e-02,-2.265039555024618567e-01
-3.067202568898012016e-01,-4.092154568510042445e-02
-1.859357206497699033e-01,2.810154558013608361e-01
-1.256272619469399332e-01,-7.857265198575914822e-02
-5.140159751397638949e-02,4.548187618139342137e-01
1.640362193313201544e+00,2.027563333164979498e-01
-1.061966930836056450e-02,-1.602805394215463253e-02
-2.943829061909143396e-01,1.248478015014760911e-01
-2.697751832743613964e-01,-2.848748876111951156e-01
-6.709097756787139703e-03,-7.400921523611066373e-03
7.276702058652095850e-01,6.539849054142844453e-01
1.341010128942733692e-01,8.885684508502449397e-01
-8.083068648028510217e-02,-6.573574899183402820e-02
1.973654655113167844e-01,-9.058439855207086611e-01
-8.812856140030611574e-01,-4.087284513501900363e-01
2.430689194684136356e-01,-6.417145780267265176e-02
1.386135683056572143e-01,3.713268822311086570e-01
-2.366991126607682072e-01,2.032613665605172149e-01
2.502784861723953980e-01,2.168135614702886016e-01
-8.015452346867291133e-01,6.222275657555565755e-03
-1.343556439111593503e+00,-2.959689556595897497e-01
1.794111955765277100e-01,1.700251188012724592e-03
1.185500113876194916e+00,9.544469387867133836e-01
-7.877001566440624547e-01,-2.559940974388028034e-01
-1.517407966325889479e+00,-1.566786555777634482e-01
-3.780676932276488822e-02,3.000015260006306736e-02
-1.541398167811714737e-01,-6.475239024008833111e-02
-8.395473667169257859e-03,-2.171031602445713457e-02
2.527170121236134714e-01,-8.623281103585186402e-01
-2.088441311710925452e-01,2.502201971330322849e-01
4.261127083050759157e-01,-2.261582010058007797e-01
-2.672924802409493844e-02,1.803248781136972678e-01
2.916717149698844214e-01,2.006272652883927810e-01
-1.301148814910852991e+00,7.077697522907867578e-01
-2.609831344929972596e-01,-1.394506004298622148e+00
-3.324126577971220908e-01,-1.869294094419823860e-01
-6.603199903397238661e-03,-7.218134314742019608e-02
5.326525827683241676e-01,1.382109704655178239e+00
-4.694702916014866778e-01,-1.507520474520482656e+00
3.328234133523225169e-02,1.448714741574618436e+00
-1.618400090172042727e-01,-1.259441735733618332e-02
2.226033829062340486e-02,1.745548618678228678e-02
-7.614832349637382092e-02,4.085948133502582125e-01
2.361657336697050302e-01,-3.894780580444469342e-02
-9.543955788129188100e-02,1.590824409385494798e-01
7.793491397507189278e-02,2.696601880001245344e-01
-4.207604229376660232e-01,-7.305519379277749525e-01
6.516670865864580831e-02,9.841392778493700255e-02
1.414181487107831980e+00,-2.890851796405417562e-01
-3.279401088343601028e-02,1.761484057445552101e-02
7.149062603645434111e-01,-4.119751701459429816e-01
-4.702429297607301807e-03,-3.313086782419398801e-01
2.737146894507681005e-01,1.074148342063517697e-01
-3.041277686229207355e-01,7.258350851395896364e-02
9.664148265914946911e-01,-1.208821193301207186e+00
4.332183833493708502e-01,2.211808239346374216e-01
8.198475683316915411e-03,-4.948926347706390783e-02
-7.674590168878034357e-02,3.059683394819807112e-01
-1.413639293887631043e-01,-5.393667616499939199e-02
-3.554770783992882571e-02,4.133024868258682039e-02
1.376692132862404883e+00,7.897797842622704678e-01
-2.531303679332702061e-01,1.775600103014771669e-01
4.455709937323794612e-01,-1.936251439758682191e-02
-1.188787712008022579e+00,1.017058985227718537e+00
-7.779554397387499209e-01,1.240821589678031467e+00
1.601375637445905664e-01,6.789453263951057693e-02
5.413208077143970981e-02,4.565084742313592625e-01
-2.246281029312812705e-01,7.255779057573864821e-02
-1.815885590875464251e-01,1.269516004518917718e-01
5.832433208570961813e-01,6.819378079868717579e-01
1.801979871137800518e-02,-1.553742022455787131e-01
-1.624929139731420558e-01,4.032223467003835382e-01
-2.480189692970975746e-01,1.766931415961280061e-02
-5.354534826855310570e-01,-1.304496865199369804e+00
-4.321993790849792960e-01,7.588906423712750426e-02
-9.228415696673865076e-01,-1.066394034873864305e+00
3.315050232754740422e-01,2.247651425228655228e-02
4.600548927866227739e-03,4.151689591190604878e-01
-5.401228938747783259e-02,-1.993377774672383529e-02
-3.320983579489766857e-02,6.945594185848982804e-02
2.925998284170497898e-01,7.493893901316863726e-01
-8.931570910473073388e-01,-1.096580865648987713e+00
-1.476388579147217169e-02,2.156320786768049780e-01
8.831035529249442462e-01,-1.075188677229452994e+00
2.806493622271781230e-01,-1.659544747283679678e-01
1.366528486640631090e+00,5.731268310458523807e-01
-6.068300007147163777e-01,-6.750420300008722618e-01
-1.862755618401265301e-01,1.464120715364364056e+00
1.319633382013170042e-01,1.728118889447436968e-01
1.501583253155261977e+00,6.302326730163260171e-02
-2.614639006099090945e-01,-6.722864536801462926e-03
-1.313383265443278936e-01,-3.862077809716132903e-01
-1.625040162217027684e-01,8.045400072762848298e-02
-8.155045288745421672e-01,-1.280731309219289293e-01
3.300661373660319226e-02,2.927484377283193218e-02
8.818715118086024596e-01,2.023828975033226674e-01
3.100981339986312313e-01,2.485833003424316456e-01
2.704740187991995226e-01,-2.191141843748768692e-01
-1.147010903254904318e-01,-8.378953752213610384e-01
1.247499850226844870e-01,3.090049446424487645e-01
-4.212288236685521325e-02,8.686440533100117101e-01
-8.008337292581770017e-02,8.532605532282851180e-02
-8.549605934591502088e-01,-2.613735173165545045e-01
4.611849855372865958e-01,-8.303922649475697915e-02
-1.361831192438746507e+00,-5.678803802776923558e-03
-7.672811538066675041e-01,-4.453249616039829384e-01
3.137364531155992231e-01,-1.963800907862590650e-01
-5.739503729496973211e-02,-8.502447331962433019e-02
-3.179570037045408304e-01,2.000475165571426461e-01
1.436130383694619983e+00,4.697517113775134812e-01
1.031577327832833069e+00,1.055407910254388515e+00
1.586688486720241875e-01,-9.753326581862531777e-03
8.565039469736220878e-01,3.224627983500306105e-01
-3.016512528617371503e-03,-7.100839548225493063e-03
-3.990621120068972294e-01,8.858944673310999995e-01
-1.357615280376997802e-01,-1.424542280998897792e-01
1.114449599433559701e+00,7.546512498135561353e-01
8.912468180339272461e-01,-1.223400183998863744e+00
7.333042919220695843e-01,3.297641333478201764e-01
-3.855994658549032894e-01,1.488184181211482382e-01
-2.056370178935510579e-02,-5.122698552695258839e-02
-6.951458638108881649e-02,4.719978792793892708e-02
-1.849523662625685363e-02,4.751300805400168192e-01
-1.723237484528015451e-01,-1.499010653265343829e-02
2.641994171067771902e-01,3.388770584904870486e-01
-2.129182727138383968e-01,1.456625574931844636e+00
1.611083547082783063e-01,6.229668687237639030e-02
5.916108512548156478e-03,7.654469313597997426e-02
3.308136958965071650e-01,1.916932084142660420e-01
3.594561482144082998e-01,1.570650576508584584e-01
9.206325710260096842e-03,1.015790097538787039e-02
-9.555640208785404210e-02,-2.820301568091974631e-01
9.495919355329397460e-01,2.948527101838492245e-02
8.056259893276068729e-01,4.389222460334665094e-02
-2.709983264413711596e-02,2.279130016605972198e-02
-7.562697859465672412e-01,3.343420447804256179e-01
-6.753120912035681656e-02,-3.369659344640575371e-01
2.362230131090580290e-02,-1.208402919009208404e-01
1.621554959699282039e-01,-4.401865648212578974e-01
1.057204622433837171e+00,9.035084179882271194e-01
3.950306346559047110e-01,1.593983819130586621e-01
1.009272136701218292e+00,-8.487217207947391762e-01
2.035830778726695212e-01,-4.901663914214957063e-01
-3.611857344582796586e-02,4.508980662341560697e-01
7.686631542921661397e-01,1.320135275054159951e+00
5.388475515950768430e-02,-3.652160717446679278e-02
1.541657709626627001e-02,1.681317719587674120e-01
1.533700099318759114e-01,3.615795483245847208e-01
-1.132754508931093085e-01,9.491926091728355441e-01
2.841999982106990785e-01,3.925922242485954117e-01
-1.620230830659736554e-01,-2.185528448037742655e-01
5.905989220947084339e-01,-5.710484449288354414e-01
8.745164456196447000e-02,1.425266718437395441e-01
4.460891593364494506e-02,-1.794550328165574887e-02
2.307553677090921074e-01,1.054856356862326622e-01
-3.256611447849761531e-01,2.159357949893796549e-02
-2.535657078549588463e-03,-4.239230205987586445e-03
1.284256129985419936e-01,-8.942625503724035418e-01
-2.024163649608339555e-01,-1.945173953051442250e-01
-2.018213209342749337e-02,4.799528206985816947e-01
1.441688498236968173e-02,5.530273043208378675e-02
-3.344317806461181153e-01,-2.369696892004915234e-01
-5.305576389624916400e-01,7.845603454105559704e-01
1.461199661641268355e+00,4.246111677842892007e-01
6.157639613987963001e-01,1.485188317013632853e+00
7.221719969372829562e-01,4.661071872592064125e-01
-4.714232805587689756e-02,6.244258630583499753e-02
-9.338335414085814357e-01,-1.191213114398838036e+00
-5.722505389715895063e-01,-1.489072596694333450e+00
1.389207659579275500e+00,2.154910296694281246e-01
7.850058484225065636e-02,-1.015040352415919334e-01
-1.604821763109220145e-01,9.029853434310725069e-01
8.431777955012858400e-03,-2.059930257930614461e-02
-9.125478813963656677e-01,2.812891111945372002e-01
3.178237116626225212e-01,-8.782408593508264083e-01
-4.800967811482099723e-01,-7.309586940207408734e-01
-1.144241694994692971e+00,8.737955938689827562e-01
3.196741652869760086e-01,-1.738953189303575342e-01
1.409700886510433682e+00,-1.155534892179778395e-01
3.503931712969128864e-01,-2.200118116251990052e-01
1.366356600595597104e-01,-1.750973235962351715e-01
-2.308589384758816809e-01,1.962934080090778244e-01
1.773369298428967566e-01,2.598966923238004711e-01
-4.312371236753177045e-02,2.294017341510108665e-01
5.553974109166860407e-01,-6.584356034425722370e-01
1.472212265511012863e-01,-4.386390716733534201e-01
-3.685034705919804643e-01,2.606161135543325624e-01
1.482137174678942904e+00,3.401393648534307146e-01
2.169985163119047544e-01,1.454919122334540349e+00
8.601837443622140089e-03,6.070285120600124595e-02
-8.456211987865243085e-01,-1.247580937880470753e+00
4.706686041460843989e-02,2.339463842786898007e-01
4.125455131094762362e-01,1.530846314340999381e+00
3.173617432414582717e-01,1.525499344142422942e+00
-2.843071668219420700e-01,-9.129414207977348816e-01
6.154001660946847307e-01,-5.175051098233877100e-01
-8.441467972487420868e-01,-3.821674345317647159e-01
3.652892972329141452e-02,3.156471971000128218e-01
-2.961777900120739493e-01,-1.483323466921453448e-01
-7.928683213573018973e-01,-1.207160754803805469e+00
-8.792846174002809378e-02,-5.439672270414708938e-02
7.448276936098251477e-01,-1.269672574233527307e+00
6.783966239921384034e-01,-5.702072960216696407e-01
1.902288461711046375e-02,3.646109655193475740e-01
5.047194722302100756e-01,8.025682944365095661e-01
3.040129083412390631e-01,8.743798301212881569e-03
6.455661221058786592e-02,1.369489616296041545e-01
1.207503429642833526e+00,9.277539060946001781e-01
8.831352410705159417e-02,3.253565210851084299e-01
-7.766657903144158492e-01,-4.797971312414043843e-01
-9.611283021195849985e-01,-1.351241565753874552e+00
7.562079318509795645e-02,2.652887635516419998e-02
2.562078364069493852e-01,-6.387537952843419520e-02
-4.902207154887480885e-03,-7.077952525181437082e-02
8.440630723915217848e-01,5.132566777416502912e-01
1.009021890973205826e+00,-1.026893513702846095e+00
-2.891761086276455409e-02,2.206516069422041759e-02
3.252425033611298644e-01,-1.492758445567495151e+00
-8.223926904520313663e-02,-3.026513178216089575e-02
2.660528920294305544e-01,2.760367377411461765e-01
1.697323575461011022e-02,5.787098202347087939e-02
-1.051734648706389441e-01,-1.060998332212154671e-01
-5.712569935469644644e-01,-7.287046269282174693e-01
1.789589967218342126e-01,-2.593019991073384004e-02
1.135389773488929110e+00,-7.155501720123438325e-01
9.033527182802135458e-02,8.387032361682601744e-02
-3.210927046902525839e-01,-4.039679359360497379e-01
9.892205509547935538e-02,4.103905539834042382e-01
2.993058301065778582e-04,-2.226722620529760985e-02
-1.141694439739734113e-01,1.014677107327599109e-01
-4.326843562756735664e-03,-1.876933910944547368e-01
9.698296143032641980e-01,-9.377255399138719749e-01
1.200762016060120230e+00,7.750007037756719841e-01
1.327986686729913379e-01,-4.889085513372512515e-01
4.838533021432703807e-01,1.239216485422995451e+00
-3.451099755656391599e-01,-3.529366747026792955e-02
-8.549019912349843375e-01,-1.288661155487071386e-01
-1.506011932940494735e-01,-3.932240235218841251e-01
1.385412626062338060e+00,3.690757072199122302e-01
-9.462083136170553743e-01,1.198898520248445898e+00
1.538571901988673440e+00,-4.814682995336095894e-01
-5.513834707223826959e-01,6.033640627179364113e-01
-2.419321706431712404e-02,-7.500402757101014284e-02
9.481933975420784311e-01,1.079098636084427465e+00
-2.077130399866835841e-01,4.044826471505291177e-01
